"export_title","synthetic","provider","operation_id","station_call","observation_id","observation_utc","receiver","receiver_grid","receiver_latitude","receiver_longitude","receiver_location_source","country","frequency_khz","band","mode","reported_snr_db","cw_wpm","first_retrieved_utc","retrieval_kind","raw_provider_row_available","collection_complete"
"SYNTHETIC EXAMPLE — Partial reception evidence","true","vail-rerbn","synthetic-partial","N1RWJ","1001","2026-10-04T14:02:00.000Z","SK-A","FN42","42.5","-71","provider-grid","","7060","40m","CW","24","20","2026-10-04T14:15:00.000Z","live","true","false"
"SYNTHETIC EXAMPLE — Partial reception evidence","true","vail-rerbn","synthetic-partial","N1RWJ","1002","2026-10-04T14:02:00.000Z","SK-B","FM19","39.5","-77","provider-grid","","7060","40m","CW","19","20","2026-10-04T14:15:00.000Z","live","true","false"
"SYNTHETIC EXAMPLE — Partial reception evidence","true","vail-rerbn","synthetic-partial","N1RWJ","1003","2026-10-04T14:02:00.000Z","SK-C","EM79","39.5","-85","provider-grid","","7060","40m","CW","13","20","2026-10-04T14:15:00.000Z","live","true","false"
"SYNTHETIC EXAMPLE — Partial reception evidence","true","vail-rerbn","synthetic-partial","N1RWJ","1004","2026-10-04T14:02:00.000Z","SK-E","EN52","42.5","-89","provider-grid","","7060","40m","CW","10","20","2026-10-04T14:15:00.000Z","live","true","false"
"SYNTHETIC EXAMPLE — Partial reception evidence","true","vail-rerbn","synthetic-partial","N1RWJ","1005","2026-10-04T14:12:00.000Z","SK-A","FN42","42.5","-71","provider-grid","","7060","40m","CW","22","20","2026-10-04T14:15:00.000Z","live","true","false"
"SYNTHETIC EXAMPLE — Partial reception evidence","true","vail-rerbn","synthetic-partial","N1RWJ","1006","2026-10-04T14:12:00.000Z","SK-B","FM19","39.5","-77","provider-grid","","7060","40m","CW","20","20","2026-10-04T14:15:00.000Z","live","true","false"
"SYNTHETIC EXAMPLE — Partial reception evidence","true","vail-rerbn","synthetic-partial","N1RWJ","1007","2026-10-04T14:12:00.000Z","SK-C","EM79","39.5","-85","provider-grid","","7060","40m","CW","14","20","2026-10-04T14:15:00.000Z","live","true","false"
"SYNTHETIC EXAMPLE — Partial reception evidence","true","vail-rerbn","synthetic-partial","N1RWJ","1008","2026-10-04T14:17:00.000Z","SK-A","FN42","42.5","-71","provider-grid","","7060","40m","CW","25","20","2026-10-04T14:30:00.000Z","live","true","false"
"SYNTHETIC EXAMPLE — Partial reception evidence","true","vail-rerbn","synthetic-partial","N1RWJ","1009","2026-10-04T14:17:00.000Z","SK-B","FM19","39.5","-77","provider-grid","","7060","40m","CW","21","20","2026-10-04T14:30:00.000Z","live","true","false"
"SYNTHETIC EXAMPLE — Partial reception evidence","true","vail-rerbn","synthetic-partial","N1RWJ","1010","2026-10-04T14:17:00.000Z","SK-C","EM79","39.5","-85","provider-grid","","7060","40m","CW","16","20","2026-10-04T14:30:00.000Z","live","true","false"
"SYNTHETIC EXAMPLE — Partial reception evidence","true","vail-rerbn","synthetic-partial","N1RWJ","1011","2026-10-04T14:17:00.000Z","SK-E","EN52","42.5","-89","provider-grid","","7060","40m","CW","12","20","2026-10-04T14:30:00.000Z","live","true","false"
"SYNTHETIC EXAMPLE — Partial reception evidence","true","vail-rerbn","synthetic-partial","N1RWJ","1012","2026-10-04T14:27:00.000Z","SK-A","FN42","42.5","-71","provider-grid","","7060","40m","CW","23","20","2026-10-04T14:30:00.000Z","live","true","false"
"SYNTHETIC EXAMPLE — Partial reception evidence","true","vail-rerbn","synthetic-partial","N1RWJ","1013","2026-10-04T14:27:00.000Z","SK-B","FM19","39.5","-77","provider-grid","","7060","40m","CW","18","20","2026-10-04T14:30:00.000Z","live","true","false"
"SYNTHETIC EXAMPLE — Partial reception evidence","true","vail-rerbn","synthetic-partial","N1RWJ","1014","2026-10-04T14:27:00.000Z","SK-C","EM79","39.5","-85","provider-grid","","7060","40m","CW","15","20","2026-10-04T14:30:00.000Z","live","true","false"
